{
    "name": "MeshGeometry",
    "vertices": [0.178411,-0.272023,-2.55006,-0.421257,-0.272023,-2.51722,-0.97374,-0.272023,-2.33329,-1.45204,-0.272023,-2.01858,-1.83386,-0.272023,-1.59451,-2.0973,-0.272023,-1.0832,-2.23127,-0.272034,-0.428908,-2.16589,-0.272021,0.196036,-1.81333,-0.272036,1.16071,-1.26331,-0.272023,2.17737,-0.601397,-0.27199,3.20334,-0.000168,-0.272023,4.01306,0.603718,-0.272056,3.19905,1.2229,-0.27202,2.24463,1.83667,-0.272043,1.11411,2.16795,-0.272019,0.185331,2.22423,-0.272028,-0.2475,2.18898,-0.272024,-0.748432,2.00459,-0.272023,-1.3027,1.68984,-0.272022,-1.78088,1.26566,-0.272023,-2.16261,0.754265,-0.272023,-2.42598,-0.058656,-0.272027,0.76113,-0.467041,-0.272011,0.665615,-0.888763,-0.272026,0.317159,-1.06983,-0.272004,-0.103486,-1.08528,-0.27203,-0.472097,-0.981762,-0.272023,-0.805943,-0.731475,-0.272027,-1.15053,-0.277693,-0.27201,-1.3901,0.204543,-0.272044,-1.40789,0.599304,-0.272023,-1.24099,0.811295,-0.272023,-1.05873,0.970606,-0.272023,-0.828323,1.06678,-0.272023,-0.560646,1.09056,-0.272027,-0.270522,1.0355,-0.272023,0.016216,0.912094,-0.272023,0.269955,0.729809,-0.272023,0.481899,0.499336,-0.272023,0.641188,0.231581,-0.272023,0.73735,0.124707,0.274372,-2.55367,-0.301742,0.274372,-2.53221,-0.754219,0.274372,-2.42599,-1.26566,0.274372,-2.16258,-1.68983,0.274371,-1.78088,-1.92022,0.274372,-1.45131,-2.11421,0.274372,-1.0344,-2.22367,0.274372,-0.466927,-2.18696,0.274375,0.106665,-1.88698,0.274378,0.990328,-1.45685,0.274361,1.84387,-0.791811,0.274357,2.92743,0.000787,0.274382,4.0159,0.846363,0.274384,2.84511,1.49524,0.274375,1.77478,1.87222,0.274374,1.02061,2.15155,0.274364,0.246234,2.22579,0.274374,-0.217346,2.20353,0.274372,-0.630861,2.0973,0.274372,-1.08322,1.92023,0.274372,-1.45131,1.65643,0.274371,-1.81886,1.22359,0.274372,-2.19098,0.705429,0.274372,-2.4429,-0.089686,0.274376,0.759044,-0.36937,0.274372,0.6978,-0.619846,0.274372,0.568787,-0.827599,0.274372,0.381824,-1.04011,0.274356,0.021741,-1.09022,0.274403,-0.396985,-0.9793,0.274354,-0.830238,-0.711159,0.274372,-1.15655,-0.361441,0.274324,-1.36741,0.079409,0.27438,-1.41905,0.369438,0.274372,-1.35609,0.619919,0.274372,-1.22708,0.82766,0.274372,-1.04013,0.981812,0.274372,-0.805954,1.07191,0.274372,-0.535431,1.08847,0.274376,-0.239496,1.02722,0.274372,0.040134,0.898197,0.274372,0.290554,0.711212,0.274371,0.49826,0.476963,0.274372,0.652393,0.206353,0.274372,0.742485],
    "faces": [32,1,0,21,0,1,2,32,2,1,21,3,0,2,32,2,21,20,3,2,4,32,3,2,20,5,3,4,32,3,20,19,5,4,6,32,4,3,19,7,5,6,32,4,19,18,7,6,8,32,5,4,29,9,7,10,32,29,4,30,10,7,11,32,30,4,18,11,7,8,32,5,29,28,9,10,12,32,31,30,18,13,11,8,32,31,18,17,13,8,14,32,32,31,17,15,13,14,32,5,28,27,9,12,16,32,33,32,17,17,15,14,32,6,5,27,18,9,16,32,6,27,26,18,16,19,32,34,33,17,20,17,14,32,34,17,16,20,14,21,33,37,38,83,82,22,23,24,25,32,35,34,16,26,20,21,32,6,26,25,18,19,27,32,36,35,16,28,26,21,32,7,6,25,29,18,27,32,36,16,15,28,21,30,32,7,25,24,29,27,31,32,37,36,15,22,28,30,32,38,37,15,23,22,30,32,8,7,24,32,29,31,32,38,15,14,23,30,33,32,8,24,23,32,31,34,32,39,38,14,35,23,33,33,40,22,65,85,36,37,38,39,32,40,39,14,36,35,33,32,8,23,22,32,34,37,32,22,40,14,37,36,33,32,8,22,14,32,37,33,32,9,8,14,40,32,33,32,9,14,13,40,33,41,32,10,9,13,42,40,41,32,10,13,12,42,41,43,32,11,10,12,44,42,43,32,43,41,42,45,46,47,32,43,64,41,45,48,46,32,44,64,43,49,48,45,32,44,63,64,49,50,48,32,45,63,44,51,50,49,32,45,62,63,51,52,50,32,46,62,45,53,52,51,32,46,61,62,53,54,52,32,47,73,46,55,56,53,32,73,74,46,56,57,53,32,74,61,46,57,54,53,32,74,60,61,57,58,54,32,75,60,74,59,58,57,32,76,60,75,60,58,59,32,47,72,73,55,61,56,32,77,60,76,62,58,60,32,47,71,72,55,63,61,32,78,60,77,64,58,62,32,48,71,47,65,63,55,32,78,59,60,64,66,58,32,79,59,78,67,66,64,32,79,58,59,67,68,66,32,48,70,71,65,69,63,32,80,58,79,70,68,67,32,48,69,70,65,71,69,32,49,69,48,72,71,65,32,81,58,80,73,68,70,32,81,57,58,73,74,68,32,82,57,81,25,74,73,32,49,68,69,72,75,71,32,83,57,82,24,74,25,32,50,68,49,76,75,72,32,83,56,57,24,77,74,32,50,67,68,76,78,75,32,84,56,83,79,77,24,32,50,66,67,76,80,78,32,85,56,84,39,77,79,32,50,65,66,76,38,80,32,65,56,85,38,77,39,32,50,56,65,76,77,38,32,51,56,50,81,77,76,32,51,55,56,81,82,77,32,52,55,51,83,82,81,32,52,54,55,83,84,82,32,53,54,52,85,84,83,33,73,29,30,74,56,10,11,57,32,4,46,45,7,53,51,32,23,67,66,34,78,80,33,38,39,84,83,23,35,79,24,33,32,33,78,77,15,17,64,62,33,34,35,80,79,20,26,70,67,32,8,51,50,32,81,76,32,18,61,60,8,54,58,33,21,0,41,64,2,1,46,48,33,31,32,77,76,13,15,62,60,33,49,7,8,50,72,29,32,76,32,24,69,68,31,71,75,32,10,53,52,42,85,83,32,17,60,59,14,58,66,33,36,37,82,81,28,22,25,73,32,2,44,43,3,49,45,33,18,19,62,61,8,6,52,54,33,30,31,76,75,11,13,60,59,32,1,43,42,0,45,47,32,28,72,71,12,61,63,33,22,23,66,65,37,34,80,38,32,26,71,70,19,63,69,32,13,55,54,41,82,84,33,39,40,85,84,35,36,39,79,32,15,58,57,30,68,74,32,12,54,53,43,84,85,33,56,14,15,57,77,33,30,74,33,35,36,81,80,26,28,73,70,33,16,17,59,58,21,14,66,68,32,28,73,72,12,56,61,32,30,75,74,11,59,57,33,4,5,47,46,7,9,55,53,33,23,24,68,67,34,31,75,78,33,19,20,63,62,6,4,50,52,33,20,21,64,63,4,2,48,50,32,9,52,51,40,83,81,33,69,25,26,70,71,27,19,69,33,0,1,42,41,1,0,47,46,33,33,34,79,78,17,20,67,64,33,5,6,48,47,9,18,65,55,32,6,49,48,18,72,65,32,3,45,44,5,51,49,32,10,11,53,42,44,85,32,12,13,54,43,41,84,32,8,9,51,32,40,81,32,9,10,52,40,42,83,32,27,28,71,16,12,63,32,13,14,55,41,33,82,32,15,16,58,30,21,68,32,6,7,49,18,29,72,32,11,12,53,44,43,85,32,28,29,73,12,10,56,32,26,27,71,19,16,63,32,2,3,44,3,5,49,32,24,25,69,31,27,71,32,3,4,45,5,7,51,32,17,18,60,14,8,58,32,1,2,43,0,3,45,32,55,14,56,82,33,77],
    "uvs": [],
    "metadata": {
        "vertices": 86,
        "version": 3,
        "generator": "io_three",
        "uvs": 0,
        "faces": 147,
        "type": "Geometry",
        "normals": 86
    },